{
  "locations": [
    { "slug": "arlington", "name": "Arlington" },
    { "slug": "atlantic-beach", "name": "Atlantic Beach" },
    { "slug": "avondale", "name": "Avondale" },
    { "slug": "baymeadows", "name": "Baymeadows" },
    { "slug": "deerwood", "name": "Deerwood" },
    { "slug": "downtown", "name": "Downtown" },
    { "slug": "downtown-jacksonville", "name": "Downtown Jacksonville" },
    { "slug": "fleming-island", "name": "Fleming Island" },
    { "slug": "green-cove-springs", "name": "Green Cove Springs" },
    { "slug": "jacksonville-beach", "name": "Jacksonville Beach" },
    { "slug": "mandarin", "name": "Mandarin" },
    { "slug": "murray-hill", "name": "Murray Hill" },
    { "slug": "neptune-beach", "name": "Neptune Beach" },
    { "slug": "orange-park", "name": "Orange Park" },
    { "slug": "ortega", "name": "Ortega" },
    { "slug": "ponte-vedra", "name": "Ponte Vedra" },
    { "slug": "ponte-vedra-beach", "name": "Ponte Vedra Beach" },
    { "slug": "riverside", "name": "Riverside" },
    { "slug": "riverside-avondale", "name": "Riverside Avondale" },
    { "slug": "san-jose", "name": "San Jose" },
    { "slug": "san-marco", "name": "San Marco" },
    { "slug": "southside", "name": "Southside" },
    { "slug": "springfield", "name": "Springfield" },
    { "slug": "st-augustine", "name": "St. Augustine" }
  ],
  "services": [
    { "slug": "air-duct-cleaning", "name": "Air Duct Cleaning" },
    { "slug": "apartment-cleaning", "name": "Apartment Cleaning" },
    { "slug": "appliance-cleaning", "name": "Appliance Cleaning" },
    { "slug": "carpet-cleaning", "name": "Carpet Cleaning" },
    { "slug": "commercial-office-cleaning", "name": "Commercial Office Cleaning" },
    { "slug": "deep-cleaning", "name": "Deep Cleaning" },
    { "slug": "emergency-cleaning", "name": "Emergency Cleaning" },
    { "slug": "event-venue-cleaning", "name": "Event Venue Cleaning" },
    { "slug": "extreme-deep-cleaning", "name": "Extreme Deep Cleaning" },
    { "slug": "family-home-cleaning", "name": "Family Home Cleaning" },
    { "slug": "garage-cleaning", "name": "Garage Cleaning" },
    { "slug": "golf-community-cleaning", "name": "Golf Community Cleaning" },
    { "slug": "green-cleaning", "name": "Green Cleaning" },
    { "slug": "gutter-cleaning", "name": "Gutter Cleaning" },
    { "slug": "holiday-cleaning", "name": "Holiday Cleaning" },
    { "slug": "laundry-services", "name": "Laundry Services" },
    { "slug": "luxury-home-cleaning", "name": "Luxury Home Cleaning" },
    { "slug": "medical-facility-cleaning", "name": "Medical Facility Cleaning" },
    { "slug": "move-in-move-out", "name": "Move-In/Move-Out Cleaning" },
    { "slug": "office-cleaning", "name": "Office Cleaning" },
    { "slug": "organizing-services", "name": "Organizing Services" },
    { "slug": "pet-friendly-cleaning", "name": "Pet-Friendly Cleaning" },
    { "slug": "post-construction-cleaning", "name": "Post-Construction Cleaning" },
    { "slug": "pressure-washing", "name": "Pressure Washing" },
    { "slug": "recurring", "name": "Recurring Cleaning" },
    { "slug": "recurring-cleaning", "name": "Recurring Cleaning" },
    { "slug": "senior-citizen-cleaning", "name": "Senior Citizen Cleaning" },
    { "slug": "standard-cleaning", "name": "Standard Cleaning" },
    { "slug": "upholstery-cleaning", "name": "Upholstery Cleaning" },
    { "slug": "vacation-home-cleaning", "name": "Vacation Home Cleaning" },
    { "slug": "vacation-rental-cleaning", "name": "Vacation Rental Cleaning" },
    { "slug": "window-cleaning", "name": "Window Cleaning" }
  ]
}
